{
    "slot0" : {
        "empty" : true ,
        "round" : 10,
        "ran_num" : {
            "1" : -10 ,
            "2" : 10
        },
        "operation" : {
            "add" : true ,
            "min" : true ,
            "mul" : false ,
            "div" : false
        }
    },
    "slot1" : {
        "empty" : true ,
        "round" : 10,
        "ran_num" : {
            "1" : -10 ,
            "2" : 10
        },
        "operation" : {
            "add" : true ,
            "min" : true ,
            "mul" : false ,
            "div" : false
        }
    },
    "slot2" : {
        "empty" : true ,
        "round" : 10,
        "ran_num" : {
            "1" : -10 ,
            "2" : 10
        },
        "operation" : {
            "add" : true ,
            "min" : true ,
            "mul" : false ,
            "div" : false
        }
    },
    "slot3" : {
        "empty" : true ,
        "round" : 10,
        "ran_num" : {
            "1" : -10 ,
            "2" : 10
        },
        "operation" : {
            "add" : true ,
            "min" : true ,
            "mul" : false ,
            "div" : false
        }
    },
    "slot4" : {
        "empty" : true ,
        "round" : 10,
        "ran_num" : {
            "1" : -10 ,
            "2" : 10
        },
        "operation" : {
            "add" : true ,
            "min" : true ,
            "mul" : false ,
            "div" : false
        }
    }
}